{"cameraMode":{"drawMode":0,"name":"Shaded","section":"Shading Mode"},"sceneLighting":false,"audioPlay":false,"sceneViewState":{"m_AlwaysRefresh":false,"showFog":true,"showSkybox":false,"showFlares":true,"showImageEffects":true,"showParticleSystems":true,"showVisualEffectGraphs":true,"m_FxEnabled":true},"in2DMode":false,"pivot":{"x":-0.8613280653953552,"y":4.079189300537109,"z":0.19428914785385133},"rotation":{"x":-0.054053597152233127,"y":0.9361472129821777,"z":-0.30536380410194399,"w":-0.16571132838726045},"size":2.999824047088623,"orthographic":true}