{"cameraMode":{"drawMode":0,"name":"Shaded","section":"Shading Mode"},"sceneLighting":true,"audioPlay":false,"sceneViewState":{"m_AlwaysRefresh":false,"showFog":true,"showSkybox":true,"showFlares":true,"showImageEffects":true,"showParticleSystems":true,"showVisualEffectGraphs":true,"m_FxEnabled":true},"in2DMode":false,"pivot":{"x":7.262351989746094,"y":4.385332107543945,"z":12.608617782592774},"rotation":{"x":-0.07876694947481156,"y":0.9040976762771606,"z":-0.19016019999980927,"w":-0.37448960542678835},"size":3.5660250186920168,"orthographic":false}