{"cameraMode":{"drawMode":0,"name":"Shaded","section":"Shading Mode"},"sceneLighting":true,"audioPlay":false,"sceneViewState":{"m_AlwaysRefresh":false,"showFog":true,"showSkybox":true,"showFlares":true,"showImageEffects":true,"showParticleSystems":true,"showVisualEffectGraphs":true,"m_FxEnabled":true},"in2DMode":false,"pivot":{"x":2.769568920135498,"y":4.806334495544434,"z":-1.7125444412231446},"rotation":{"x":-0.054053597152233127,"y":0.9361472129821777,"z":-0.30536380410194399,"w":-0.16571132838726045},"size":5.0700507164001469,"orthographic":true}