{"cameraMode":{"drawMode":0,"name":"Shaded","section":"Shading Mode"},"sceneLighting":true,"audioPlay":false,"sceneViewState":{"showFog":false,"showMaterialUpdate":false,"showSkybox":false,"showFlares":false,"showImageEffects":false,"showParticleSystems":false},"in2DMode":false,"pivot":{"x":-0.861328125,"y":2.2515857219696047,"z":0.484619140625},"rotation":{"x":0.0000056995058912434619,"y":0.989006757736206,"z":-0.1479565054178238,"w":-0.0000033327971777907807},"size":4.407888412475586,"orthographic":true}