{"cameraMode":{"drawMode":0,"name":"Shaded","section":"Shading Mode"},"sceneLighting":false,"audioPlay":false,"sceneViewState":{"showFog":false,"showMaterialUpdate":false,"showSkybox":false,"showFlares":false,"showImageEffects":false,"showParticleSystems":false},"in2DMode":false,"pivot":{"x":1.9274976253509522,"y":1.8453190326690674,"z":1.2112209796905518},"rotation":{"x":-0.024791592732071878,"y":0.9519731998443604,"z":-0.08015482872724533,"w":-0.29448258876800539},"size":1.7804440259933472,"orthographic":true}